sequence,offset,conf,x1,y1,x2,y2,W,H
20160604_FIRE_rm-n-mobo-c,60,0.6737,1980.0,834.1,2046.7,883.7,2048,1536
20160604_FIRE_rm-n-mobo-c,120,0.7095,1967.4,812.6,2047.1,885.0,2048,1536
20160604_FIRE_rm-n-mobo-c,180,0.6540,1956.7,759.6,2047.4,884.8,2048,1536
20160604_FIRE_rm-n-mobo-c,240,0.1798,1953.1,717.9,2046.4,878.6,2048,1536
20160604_FIRE_smer-tcs3-mobo-c,60,0.7939,1913.4,792.0,2137.5,864.0,3072,2048
20160604_FIRE_smer-tcs3-mobo-c,120,0.7568,1857.7,694.8,2160.6,870.0,3072,2048
20160604_FIRE_smer-tcs3-mobo-c,180,0.2776,1834.8,603.5,2160.5,865.7,3072,2048
20160619_FIRE_lp-e-iqeye,360,0.1483,1525.0,528.5,1597.8,562.0,1600,1200
20160619_FIRE_lp-e-iqeye,480,0.1720,1514.5,520.3,1597.0,560.8,1600,1200
20160619_FIRE_lp-e-iqeye,600,0.3044,1496.3,516.6,1586.4,561.8,1600,1200
20160619_FIRE_lp-e-iqeye,720,0.4217,1492.7,504.9,1588.0,561.6,1600,1200
20160619_FIRE_lp-e-iqeye,840,0.4174,1490.9,504.0,1590.9,561.5,1600,1200
20160619_FIRE_lp-e-iqeye,960,0.1624,1486.8,505.9,1592.8,561.1,1600,1200
20160619_FIRE_lp-e-iqeye,1080,0.1432,1473.5,508.6,1589.2,561.0,1600,1200
20160619_FIRE_lp-e-iqeye,1200,0.4907,1474.9,508.0,1580.7,561.7,1600,1200
20160619_FIRE_lp-e-iqeye,1320,0.5553,1467.8,502.4,1573.1,561.9,1600,1200
20160619_FIRE_lp-e-iqeye,1320,0.1911,1499.5,503.0,1574.0,561.1,1600,1200
20160619_FIRE_lp-e-iqeye,1320,0.1034,1520.7,503.9,1572.3,561.6,1600,1200
20160619_FIRE_lp-e-iqeye,1440,0.2956,1509.4,496.8,1584.4,561.5,1600,1200
20160619_FIRE_lp-e-iqeye,1440,0.1926,1486.5,495.5,1591.3,561.9,1600,1200
20160619_FIRE_lp-e-iqeye,1560,0.5021,1514.3,495.5,1577.6,561.6,1600,1200
20160619_FIRE_lp-e-iqeye,1680,0.5793,1495.5,496.1,1582.2,561.9,1600,1200
20160619_FIRE_lp-e-iqeye,1800,0.3595,1489.8,494.5,1582.3,562.3,1600,1200
20160619_FIRE_lp-e-iqeye,1800,0.1322,1500.6,511.5,1580.4,561.9,1600,1200
20160619_FIRE_lp-e-iqeye,1800,0.1242,1528.0,529.9,1579.8,561.4,1600,1200
20160619_FIRE_lp-e-iqeye,1920,0.2940,1526.5,530.2,1576.4,561.4,1600,1200
20160619_FIRE_lp-e-iqeye,1920,0.1552,1480.3,497.2,1580.4,561.5,1600,1200
20160619_FIRE_lp-e-iqeye,1920,0.1474,1489.4,514.7,1577.9,561.4,1600,1200
20160619_FIRE_lp-e-iqeye,2400,0.1278,1528.3,527.9,1569.2,560.7,1600,1200
20160619_FIRE_lp-e-iqeye,2400,0.1158,1512.5,526.4,1573.4,561.2,1600,1200
20160619_FIRE_om-e-mobo-c,360,0.3749,1008.4,769.3,1040.6,803.6,2048,1536
20160619_FIRE_om-e-mobo-c,420,0.4507,1006.8,768.5,1046.7,803.7,2048,1536
20160619_FIRE_om-e-mobo-c,480,0.1487,1004.5,767.1,1050.5,805.8,2048,1536
20160619_FIRE_om-e-mobo-c,720,0.1877,1006.5,765.0,1074.3,804.4,2048,1536
20160619_FIRE_om-e-mobo-c,780,0.1554,1005.6,765.7,1080.1,802.3,2048,1536
20160619_FIRE_om-e-mobo-c,960,0.3449,1007.0,766.6,1041.3,801.4,2048,1536
20160619_FIRE_om-e-mobo-c,1020,0.2695,1004.9,766.3,1044.1,801.4,2048,1536
20160619_FIRE_om-e-mobo-c,1140,0.2821,1004.6,765.3,1051.5,802.7,2048,1536
20160619_FIRE_om-e-mobo-c,1200,0.3287,1005.0,761.8,1054.6,802.0,2048,1536
20160619_FIRE_om-e-mobo-c,1260,0.2785,1002.7,762.9,1058.5,801.2,2048,1536
20160619_FIRE_om-e-mobo-c,1320,0.2571,1004.3,758.5,1058.6,800.2,2048,1536
20160619_FIRE_om-e-mobo-c,1380,0.5926,1004.3,752.8,1061.3,800.5,2048,1536
20160619_FIRE_om-e-mobo-c,1440,0.5327,1000.8,748.0,1059.6,802.9,2048,1536
20160619_FIRE_om-e-mobo-c,1500,0.4146,998.2,744.2,1060.4,801.5,2048,1536
20160619_FIRE_om-e-mobo-c,1560,0.4015,998.2,756.3,1060.5,800.9,2048,1536
20160619_FIRE_om-e-mobo-c,1620,0.5538,996.6,744.2,1059.2,800.8,2048,1536
20160619_FIRE_om-e-mobo-c,1680,0.5456,995.4,743.0,1060.0,802.0,2048,1536
20160619_FIRE_om-e-mobo-c,1800,0.3510,993.0,740.2,1061.1,802.5,2048,1536
20160619_FIRE_om-e-mobo-c,1800,0.2146,996.2,759.4,1060.6,802.1,2048,1536
20160619_FIRE_om-e-mobo-c,1860,0.3328,993.7,756.4,1059.9,801.2,2048,1536
20160619_FIRE_om-e-mobo-c,1860,0.1189,988.2,742.8,1060.8,801.2,2048,1536
20160619_FIRE_om-e-mobo-c,1920,0.3271,998.1,759.6,1059.1,800.7,2048,1536
20160619_FIRE_om-e-mobo-c,1920,0.2790,989.1,746.9,1060.1,801.3,2048,1536
20160619_FIRE_om-e-mobo-c,1980,0.4126,995.8,760.8,1059.2,801.3,2048,1536
20160619_FIRE_om-e-mobo-c,2040,0.2611,991.2,757.7,1060.0,801.7,2048,1536
20160619_FIRE_om-e-mobo-c,2100,0.2420,995.8,761.6,1060.4,801.5,2048,1536
20160619_FIRE_om-e-mobo-c,2160,0.2667,998.0,761.7,1061.6,800.3,2048,1536
20160619_FIRE_om-e-mobo-c,2280,0.1404,992.7,760.1,1061.5,801.4,2048,1536
20160619_FIRE_pi-s-mobo-c,900,0.4586,0.0,828.8,61.5,910.2,2048,1536
20160619_FIRE_pi-s-mobo-c,960,0.3418,0.0,823.4,47.8,909.8,2048,1536
20160619_FIRE_pi-s-mobo-c,1020,0.1689,0.0,850.3,51.4,913.8,2048,1536
20160619_FIRE_pi-s-mobo-c,1200,0.1120,1660.2,654.1,1744.2,717.8,2048,1536
20160619_FIRE_pi-s-mobo-c,1260,0.1107,1648.5,647.1,1739.6,716.0,2048,1536
20160718_FIRE_lp-n-iqeye,720,0.1975,787.2,470.2,863.8,513.6,1600,1200
20160718_FIRE_mg-s-iqeye,-2400,0.2006,109.9,512.3,138.9,542.9,1600,1200
20160718_FIRE_mg-s-iqeye,-2280,0.1432,107.5,512.0,142.9,542.7,1600,1200
20160718_FIRE_mg-s-iqeye,-2160,0.2675,109.8,512.1,136.4,542.8,1600,1200
20160718_FIRE_mg-s-iqeye,-2040,0.2141,110.1,512.0,135.6,542.3,1600,1200
20160718_FIRE_mg-s-iqeye,-1920,0.1402,109.3,512.8,136.0,542.6,1600,1200
20160718_FIRE_mg-s-iqeye,-1800,0.1958,109.4,512.1,136.2,542.5,1600,1200
20160718_FIRE_mg-s-iqeye,-1680,0.1440,109.2,511.7,138.1,543.0,1600,1200
20160718_FIRE_mg-s-iqeye,-1560,0.2021,108.6,512.0,135.3,543.1,1600,1200
20160718_FIRE_mg-s-iqeye,-1320,0.1829,109.0,511.7,137.4,542.3,1600,1200
20160718_FIRE_mg-s-iqeye,-1200,0.1065,107.8,511.8,138.9,542.5,1600,1200
20160718_FIRE_mg-s-iqeye,-1080,0.1063,109.6,512.9,137.1,542.5,1600,1200
20160718_FIRE_mg-s-iqeye,-840,0.1518,111.0,512.0,138.0,542.6,1600,1200
20160718_FIRE_mg-s-iqeye,-600,0.1136,108.9,511.8,140.2,542.4,1600,1200
20160718_FIRE_mg-s-iqeye,-240,0.1096,108.2,512.1,139.6,542.8,1600,1200
20160718_FIRE_mg-s-iqeye,120,0.1005,107.8,513.1,141.9,543.0,1600,1200
20160718_FIRE_mg-s-iqeye,720,0.3156,482.4,543.3,539.1,568.7,1600,1200
20160718_FIRE_mg-s-iqeye,840,0.4274,471.8,536.3,525.3,566.3,1600,1200
20160718_FIRE_mg-s-iqeye,960,0.4492,460.3,533.9,523.2,564.6,1600,1200
20160718_FIRE_mg-s-iqeye,1080,0.5013,459.2,530.0,529.6,568.3,1600,1200
20160718_FIRE_mg-s-iqeye,1200,0.5915,471.7,518.5,531.5,567.5,1600,1200
20160718_FIRE_mg-s-iqeye,1320,0.5077,462.2,516.4,531.0,566.8,1600,1200
20160718_FIRE_mg-s-iqeye,1440,0.6528,451.3,523.1,538.0,568.9,1600,1200
20160718_FIRE_mg-s-iqeye,1560,0.5668,442.2,523.6,536.9,568.9,1600,1200
20160718_FIRE_mg-s-iqeye,1680,0.5929,432.5,523.2,535.1,569.0,1600,1200
20160718_FIRE_mg-s-iqeye,1800,0.4326,427.9,520.1,534.4,567.3,1600,1200
20160718_FIRE_mg-s-iqeye,1920,0.4330,425.8,518.8,532.1,567.7,1600,1200
20160718_FIRE_mg-s-iqeye,2040,0.4972,424.0,519.4,534.3,567.7,1600,1200
20160718_FIRE_mg-s-iqeye,2160,0.4500,416.2,518.7,530.1,564.9,1600,1200
20160718_FIRE_mg-s-iqeye,2280,0.3651,409.1,517.8,523.4,561.7,1600,1200
20160718_FIRE_mg-s-iqeye,2400,0.2005,406.2,516.7,525.7,563.9,1600,1200
20160718_FIRE_mw-e-mobo-c,840,0.5445,1311.0,754.4,1423.3,800.9,2048,1536
20160718_FIRE_mw-e-mobo-c,900,0.5868,1301.8,752.4,1416.2,801.8,2048,1536
20160718_FIRE_mw-e-mobo-c,960,0.2620,1290.0,751.7,1415.4,803.8,2048,1536
20160718_FIRE_mw-e-mobo-c,1080,0.1856,1282.9,744.1,1425.4,800.4,2048,1536
20160718_FIRE_mw-e-mobo-c,1140,0.1278,1287.0,735.3,1414.3,796.7,2048,1536
20160718_FIRE_mw-e-mobo-c,1200,0.1863,1319.8,720.0,1423.2,797.1,2048,1536
20160718_FIRE_mw-e-mobo-c,1260,0.4792,1309.7,711.7,1420.6,795.4,2048,1536
20160718_FIRE_mw-e-mobo-c,1320,0.5822,1298.5,702.5,1407.7,796.9,2048,1536
20160718_FIRE_mw-e-mobo-c,1380,0.7129,1291.3,700.7,1425.3,796.5,2048,1536
20160718_FIRE_mw-e-mobo-c,1440,0.3722,1281.3,707.9,1416.4,796.2,2048,1536
20160718_FIRE_mw-e-mobo-c,1500,0.1728,1274.1,728.4,1425.8,795.7,2048,1536
20160718_FIRE_mw-e-mobo-c,1560,0.1415,1312.1,730.9,1410.2,796.1,2048,1536
20160718_FIRE_mw-e-mobo-c,1620,0.2039,1295.8,732.5,1420.1,796.9,2048,1536
20160718_FIRE_mw-e-mobo-c,1980,0.3940,1205.6,720.9,1431.6,804.7,2048,1536
20160718_FIRE_mw-e-mobo-c,2040,0.2159,1201.1,721.0,1427.6,805.1,2048,1536
20160722_FIRE_mw-e-mobo-c,600,0.2399,1747.6,967.6,1922.2,1071.2,2048,1536
20160722_FIRE_mw-e-mobo-c,660,0.3099,1728.4,934.2,1912.3,1061.9,2048,1536
20160722_FIRE_mw-e-mobo-c,720,0.6204,1766.9,951.9,1915.2,1070.1,2048,1536
20160722_FIRE_mw-e-mobo-c,780,0.4606,1683.2,920.3,1915.2,1068.5,2048,1536
20160722_FIRE_mw-e-mobo-c,840,0.4699,1651.3,896.7,1898.1,1076.7,2048,1536
20160722_FIRE_mw-e-mobo-c,840,0.3627,1693.5,929.7,1896.1,1074.6,2048,1536
20160722_FIRE_mw-e-mobo-c,900,0.7415,1548.3,883.4,1891.3,1079.6,2048,1536
20160722_FIRE_mw-e-mobo-c,960,0.7240,1593.3,918.4,1915.9,1075.9,2048,1536
20160722_FIRE_mw-e-mobo-c,1020,0.8321,1666.2,921.3,1892.1,1074.3,2048,1536
20160722_FIRE_mw-e-mobo-c,1080,0.4117,1613.8,900.0,1897.5,1077.5,2048,1536
20160722_FIRE_mw-e-mobo-c,1140,0.3669,1725.5,960.3,1896.3,1075.9,2048,1536
20160722_FIRE_mw-e-mobo-c,1200,0.7319,1736.0,963.7,1907.4,1068.4,2048,1536
20160722_FIRE_mw-e-mobo-c,1260,0.4207,1789.1,1002.5,1893.6,1075.9,2048,1536
20160722_FIRE_mw-e-mobo-c,1260,0.3200,1608.0,902.4,1894.7,1078.2,2048,1536
20160722_FIRE_mw-e-mobo-c,1320,0.5299,1776.4,1015.1,1889.2,1072.5,2048,1536
20160722_FIRE_mw-e-mobo-c,1380,0.4548,1657.4,939.2,1894.2,1077.2,2048,1536
20160722_FIRE_mw-e-mobo-c,1440,0.3258,1708.8,978.8,1897.7,1079.0,2048,1536
20160722_FIRE_mw-e-mobo-c,1560,0.3159,1780.3,1016.0,1887.6,1077.1,2048,1536
20160722_FIRE_mw-e-mobo-c,1680,0.5933,1738.0,930.4,1895.7,1070.5,2048,1536
20160722_FIRE_mw-e-mobo-c,1740,0.5963,1804.6,977.0,1888.7,1068.2,2048,1536
20160722_FIRE_mw-e-mobo-c,1800,0.4557,1691.0,907.7,1892.9,1072.5,2048,1536
20160722_FIRE_mw-e-mobo-c,1860,0.6148,1807.1,960.5,1909.5,1067.7,2048,1536
20160722_FIRE_mw-e-mobo-c,1920,0.7766,1670.3,925.9,1891.4,1076.0,2048,1536
20160722_FIRE_mw-e-mobo-c,1980,0.6568,1561.1,895.6,1890.7,1080.7,2048,1536
20160722_FIRE_mw-e-mobo-c,1980,0.4243,1753.4,975.3,1885.2,1075.3,2048,1536
20160722_FIRE_mw-e-mobo-c,2040,0.7983,1615.9,913.6,1882.7,1079.5,2048,1536
20160722_FIRE_mw-e-mobo-c,2100,0.6158,1722.9,1014.8,1886.6,1080.5,2048,1536
20160722_FIRE_mw-e-mobo-c,2160,0.7784,1655.9,938.6,1893.4,1077.2,2048,1536
20160722_FIRE_mw-e-mobo-c,2220,0.7784,1732.0,965.9,1890.8,1074.5,2048,1536
20160722_FIRE_mw-e-mobo-c,2280,0.6150,1747.6,971.6,1888.1,1075.5,2048,1536
20160722_FIRE_mw-e-mobo-c,2280,0.1952,1579.4,915.4,1895.9,1079.0,2048,1536
20160722_FIRE_mw-e-mobo-c,2340,0.5041,1617.1,934.9,1897.5,1075.2,2048,1536
20160722_FIRE_mw-e-mobo-c,2340,0.3010,1732.6,986.1,1895.5,1074.4,2048,1536
20160722_FIRE_mw-e-mobo-c,2400,0.6611,1732.6,929.9,1900.0,1073.6,2048,1536
20161113_FIRE_bl-n-mobo-c,960,0.3853,855.7,731.9,881.8,763.7,2048,1536
20161113_FIRE_bl-n-mobo-c,1020,0.2151,851.1,724.9,882.2,763.2,2048,1536
20161113_FIRE_bl-n-mobo-c,1080,0.3307,846.6,717.8,883.7,763.9,2048,1536
20161113_FIRE_bl-n-mobo-c,1260,0.1510,855.7,731.2,880.1,762.7,2048,1536
20161113_FIRE_bl-n-mobo-c,1320,0.1006,850.6,710.7,899.8,762.7,2048,1536
20161113_FIRE_bl-n-mobo-c,1620,0.1325,806.3,691.6,901.8,765.3,2048,1536
20161113_FIRE_bl-n-mobo-c,1860,0.1371,863.8,739.4,892.4,766.4,2048,1536
20161113_FIRE_bl-n-mobo-c,1920,0.2509,865.2,735.7,895.3,766.6,2048,1536
20161113_FIRE_bl-n-mobo-c,1980,0.1752,865.4,738.9,896.9,766.7,2048,1536
20161113_FIRE_bl-n-mobo-c,2040,0.1732,865.1,742.7,895.6,767.5,2048,1536
20161113_FIRE_bl-n-mobo-c,2100,0.2670,866.9,740.5,897.0,767.0,2048,1536
20161113_FIRE_bl-n-mobo-c,2160,0.4175,858.0,735.2,895.9,766.0,2048,1536
20161113_FIRE_bl-n-mobo-c,2160,0.1466,857.3,718.7,897.0,765.7,2048,1536
20161113_FIRE_bl-n-mobo-c,2220,0.3172,858.3,730.9,901.5,765.7,2048,1536
20161113_FIRE_bl-n-mobo-c,2220,0.1272,855.9,717.3,903.0,765.5,2048,1536
20161113_FIRE_bl-n-mobo-c,2280,0.1082,861.1,727.0,906.6,764.3,2048,1536
20161113_FIRE_bl-n-mobo-c,2340,0.3626,851.7,712.5,905.2,764.7,2048,1536
20161113_FIRE_bl-n-mobo-c,2400,0.1053,836.9,708.8,904.3,764.7,2048,1536
20161113_FIRE_bm-n-mobo-c,1080,0.1556,121.5,687.3,155.1,719.5,2048,1536
20161113_FIRE_bm-n-mobo-c,1140,0.1813,121.3,685.4,156.7,719.3,2048,1536
20161113_FIRE_bm-n-mobo-c,1140,0.1272,105.4,682.7,158.7,719.4,2048,1536
20161113_FIRE_bm-n-mobo-c,1200,0.1529,115.3,683.6,154.9,717.4,2048,1536
20161113_FIRE_bm-n-mobo-c,1200,0.1221,103.2,681.8,157.0,717.6,2048,1536
20161113_FIRE_bm-w-mobo-c,180,0.1096,1600.1,725.6,1627.4,752.4,2048,1536
20161113_FIRE_bm-w-mobo-c,240,0.2159,1601.4,723.9,1627.3,753.6,2048,1536
20161113_FIRE_bm-w-mobo-c,300,0.1810,1599.7,721.2,1629.7,751.9,2048,1536
20161113_FIRE_bm-w-mobo-c,360,0.4743,1603.8,717.2,1629.5,751.6,2048,1536
20161113_FIRE_bm-w-mobo-c,420,0.4591,1602.3,712.4,1630.2,752.1,2048,1536
20161113_FIRE_bm-w-mobo-c,480,0.6011,1604.0,710.9,1629.7,752.4,2048,1536
20161113_FIRE_bm-w-mobo-c,540,0.5651,1598.7,707.6,1631.1,750.2,2048,1536
20161113_FIRE_bm-w-mobo-c,600,0.5742,1598.7,707.7,1630.9,749.6,2048,1536
20161113_FIRE_bm-w-mobo-c,660,0.5441,1601.1,704.8,1637.1,749.1,2048,1536
20161113_FIRE_bm-w-mobo-c,720,0.3742,1597.8,708.3,1638.2,750.3,2048,1536
20161113_FIRE_bm-w-mobo-c,780,0.4451,1595.7,708.1,1638.4,753.2,2048,1536
20161113_FIRE_bm-w-mobo-c,840,0.4174,1595.2,708.9,1637.9,756.3,2048,1536
20161113_FIRE_bm-w-mobo-c,900,0.5861,1593.5,705.6,1639.2,757.9,2048,1536
20161113_FIRE_bm-w-mobo-c,960,0.6032,1593.4,711.7,1637.2,761.9,2048,1536
20161113_FIRE_bm-w-mobo-c,1020,0.5550,1590.7,708.5,1640.8,758.2,2048,1536
20161113_FIRE_bm-w-mobo-c,1080,0.4725,1585.6,707.1,1638.9,753.6,2048,1536
20161113_FIRE_bm-w-mobo-c,1140,0.4312,1577.4,705.0,1638.8,756.8,2048,1536
20161113_FIRE_bm-w-mobo-c,1200,0.5454,1574.2,701.6,1638.0,757.9,2048,1536
20161113_FIRE_bm-w-mobo-c,1260,0.5855,1571.7,698.5,1638.2,755.3,2048,1536
20161113_FIRE_bm-w-mobo-c,1320,0.5895,1569.2,693.4,1639.1,754.1,2048,1536
20161113_FIRE_bm-w-mobo-c,1380,0.6506,1567.6,686.4,1636.6,759.6,2048,1536
20161113_FIRE_bm-w-mobo-c,1440,0.6337,1566.5,682.1,1635.2,758.2,2048,1536
20161113_FIRE_bm-w-mobo-c,1500,0.5790,1566.8,682.5,1634.3,757.5,2048,1536
20161113_FIRE_bm-w-mobo-c,1560,0.4038,1558.0,688.4,1636.4,755.1,2048,1536
20161113_FIRE_bm-w-mobo-c,1620,0.5551,1562.5,692.8,1636.3,751.1,2048,1536
20161113_FIRE_bm-w-mobo-c,1680,0.4984,1561.0,696.3,1635.4,753.4,2048,1536
20161113_FIRE_bm-w-mobo-c,1740,0.4067,1549.3,699.4,1635.7,755.2,2048,1536
20161113_FIRE_bm-w-mobo-c,1800,0.4694,1545.8,697.8,1634.5,755.7,2048,1536
20161113_FIRE_bm-w-mobo-c,1860,0.5889,1549.8,696.5,1636.5,756.2,2048,1536
20161113_FIRE_bm-w-mobo-c,1920,0.5849,1547.3,698.4,1637.4,755.3,2048,1536
20161113_FIRE_bm-w-mobo-c,1980,0.5822,1542.3,697.4,1633.4,751.1,2048,1536
20161113_FIRE_bm-w-mobo-c,2040,0.4633,1538.9,697.9,1635.1,756.1,2048,1536
20161113_FIRE_bm-w-mobo-c,2100,0.6295,1537.2,697.2,1633.1,756.0,2048,1536
20161113_FIRE_bm-w-mobo-c,2160,0.6101,1542.9,697.5,1631.2,755.4,2048,1536
20161113_FIRE_bm-w-mobo-c,2220,0.5149,1537.0,694.4,1633.0,753.3,2048,1536
20161113_FIRE_bm-w-mobo-c,2220,0.1050,1563.8,694.9,1633.4,752.1,2048,1536
20161113_FIRE_bm-w-mobo-c,2280,0.5419,1542.8,695.6,1632.5,752.7,2048,1536
20161113_FIRE_bm-w-mobo-c,2340,0.5244,1545.6,694.5,1632.9,755.3,2048,1536
20161113_FIRE_bm-w-mobo-c,2400,0.6057,1544.3,694.9,1633.7,756.0,2048,1536
20170519_FIRE_rm-w-mobo-c,1200,0.1135,709.4,820.2,747.7,848.5,2048,1536
20170519_FIRE_rm-w-mobo-c,1500,0.1878,704.2,819.9,770.2,850.1,2048,1536
20170519_FIRE_rm-w-mobo-c,1560,0.5140,708.3,817.6,783.4,849.3,2048,1536
20170519_FIRE_rm-w-mobo-c,1620,0.2822,710.6,816.9,794.6,849.5,2048,1536
20170519_FIRE_rm-w-mobo-c,1680,0.1855,706.6,815.0,803.2,849.7,2048,1536
20170519_FIRE_rm-w-mobo-c,1800,0.1756,707.5,817.9,780.4,849.2,2048,1536
20170519_FIRE_rm-w-mobo-c,1860,0.1568,704.6,817.0,790.4,849.6,2048,1536
20170519_FIRE_rm-w-mobo-c,1920,0.2054,703.0,817.1,796.8,849.2,2048,1536
20170519_FIRE_rm-w-mobo-c,2100,0.1207,705.1,819.8,755.8,849.2,2048,1536
20170519_FIRE_rm-w-mobo-c,2160,0.1818,703.8,819.4,760.5,849.4,2048,1536
20170519_FIRE_rm-w-mobo-c,2220,0.1796,702.9,818.3,764.7,849.5,2048,1536
20170519_FIRE_rm-w-mobo-c,2280,0.3136,704.4,816.1,772.3,849.0,2048,1536
20170519_FIRE_rm-w-mobo-c,2340,0.3369,702.7,803.7,786.1,848.6,2048,1536
20170519_FIRE_rm-w-mobo-c,2400,0.3398,705.5,790.7,791.1,848.1,2048,1536
20170519_FIRE_rm-w-mobo-c,2400,0.2020,695.6,774.8,793.9,848.0,2048,1536
20170519_FIRE_rm-w-mobo-c,2400,0.1795,706.6,811.0,795.6,848.7,2048,1536
20170520_FIRE_lp-s-iqeye,60,0.1402,1381.0,572.6,1448.3,630.4,1600,1200
20170520_FIRE_lp-s-iqeye,120,0.3500,1371.8,542.4,1481.8,632.9,1600,1200
20170520_FIRE_lp-s-iqeye,180,0.4450,1378.7,589.7,1429.0,631.6,1600,1200
20170520_FIRE_lp-s-iqeye,240,0.7840,1383.7,561.2,1464.4,630.7,1600,1200
20170520_FIRE_lp-s-iqeye,300,0.8173,1379.8,544.7,1494.5,630.3,1600,1200
20170520_FIRE_lp-s-iqeye,360,0.5761,1367.9,546.5,1533.3,631.7,1600,1200
20170520_FIRE_lp-s-iqeye,420,0.6989,1389.7,548.3,1496.0,632.0,1600,1200
20170520_FIRE_lp-s-iqeye,480,0.5016,1384.0,500.6,1512.9,632.4,1600,1200
20170520_FIRE_lp-s-iqeye,480,0.1766,1384.7,493.6,1570.6,633.5,1600,1200
20170520_FIRE_lp-s-iqeye,540,0.6279,1386.0,466.1,1594.1,635.9,1600,1200
20170520_FIRE_lp-s-iqeye,540,0.3286,1386.0,533.1,1515.5,634.6,1600,1200
20170520_FIRE_lp-s-iqeye,600,0.6444,1384.0,458.0,1599.1,632.6,1600,1200
20170520_FIRE_lp-s-iqeye,660,0.5530,1389.2,420.1,1599.8,632.6,1600,1200
20170520_FIRE_lp-s-iqeye,720,0.4573,1384.7,535.9,1550.2,633.3,1600,1200
20170520_FIRE_lp-s-iqeye,720,0.3977,1385.0,417.8,1600.0,633.6,1600,1200
20170520_FIRE_lp-s-iqeye,780,0.6928,1393.2,495.3,1598.6,634.4,1600,1200
20170520_FIRE_lp-s-iqeye,840,0.4612,1404.1,461.1,1600.0,631.9,1600,1200
20170520_FIRE_lp-s-iqeye,900,0.3363,1384.5,411.5,1599.8,642.2,1600,1200
20170520_FIRE_lp-s-iqeye,960,0.3944,1398.1,382.1,1600.0,641.8,1600,1200
20170520_FIRE_lp-s-iqeye,960,0.2414,1390.7,463.0,1599.4,637.9,1600,1200
20170520_FIRE_lp-s-iqeye,1020,0.6606,1389.5,465.7,1597.4,635.0,1600,1200
20170520_FIRE_lp-s-iqeye,1260,0.5826,1396.3,466.7,1599.3,634.0,1600,1200
20170520_FIRE_lp-s-iqeye,1320,0.6433,1391.2,432.8,1599.8,635.3,1600,1200
20170520_FIRE_lp-s-iqeye,1380,0.5953,1389.7,403.0,1599.4,635.3,1600,1200
20170520_FIRE_lp-s-iqeye,1440,0.4493,1390.8,386.6,1600.0,635.5,1600,1200
20170520_FIRE_lp-s-iqeye,1500,0.1497,1388.1,389.3,1599.6,636.9,1600,1200
20170520_FIRE_lp-s-iqeye,1560,0.2657,1391.7,390.5,1600.0,640.6,1600,1200
20170520_FIRE_lp-s-iqeye,1620,0.2638,1404.7,412.1,1600.0,641.1,1600,1200
20170520_FIRE_lp-s-iqeye,1620,0.2135,1402.6,521.5,1600.0,639.3,1600,1200
20170520_FIRE_lp-s-iqeye,1680,0.2652,1410.2,526.0,1600.0,638.0,1600,1200
20170520_FIRE_lp-s-iqeye,1680,0.2447,1410.1,386.5,1600.0,642.5,1600,1200
20170520_FIRE_lp-s-iqeye,1740,0.1941,1390.5,499.8,1600.0,638.6,1600,1200
20170520_FIRE_lp-s-iqeye,1740,0.1262,1398.6,430.4,1600.0,639.2,1600,1200
20170520_FIRE_lp-s-iqeye,1800,0.2682,1386.6,454.5,1599.9,636.6,1600,1200
20170520_FIRE_lp-s-iqeye,1920,0.1140,1376.0,517.2,1600.0,638.7,1600,1200
20170520_FIRE_lp-s-iqeye,1980,0.6881,1378.2,476.0,1599.4,639.0,1600,1200
20170520_FIRE_lp-s-iqeye,2040,0.5916,1376.7,444.6,1600.0,637.8,1600,1200
20170520_FIRE_lp-s-iqeye,2040,0.2171,529.8,462.2,560.7,490.7,1600,1200
20170520_FIRE_lp-s-iqeye,2100,0.3901,536.2,459.5,570.7,490.6,1600,1200
20170520_FIRE_lp-s-iqeye,2100,0.2928,1374.6,427.4,1599.1,641.1,1600,1200
20170520_FIRE_lp-s-iqeye,2160,0.5490,1372.7,427.5,1600.0,637.4,1600,1200
20170520_FIRE_lp-s-iqeye,2160,0.2675,543.8,454.9,575.1,490.8,1600,1200
20170520_FIRE_lp-s-iqeye,2220,0.4519,550.7,453.1,585.9,491.9,1600,1200
20170520_FIRE_lp-s-iqeye,2220,0.3078,1382.3,385.9,1600.0,641.3,1600,1200
20170520_FIRE_lp-s-iqeye,2280,0.3047,1367.4,446.5,1600.0,637.4,1600,1200
20170520_FIRE_lp-s-iqeye,2280,0.2881,556.5,447.2,600.8,490.2,1600,1200
20170520_FIRE_lp-s-iqeye,2340,0.5782,1370.9,450.9,1600.0,637.1,1600,1200
20170520_FIRE_lp-s-iqeye,2400,0.1968,1366.7,438.2,1599.4,636.9,1600,1200
20170520_FIRE_pi-w-mobo-c,420,0.2805,399.4,722.1,439.9,760.5,2048,1536
20170520_FIRE_pi-w-mobo-c,480,0.4040,401.7,713.2,450.4,760.6,2048,1536
20170520_FIRE_pi-w-mobo-c,540,0.5659,406.6,702.2,463.9,759.1,2048,1536
20170520_FIRE_pi-w-mobo-c,600,0.5080,394.7,687.2,478.1,759.4,2048,1536
20170520_FIRE_pi-w-mobo-c,660,0.5144,400.4,679.5,491.8,760.9,2048,1536
20170520_FIRE_pi-w-mobo-c,720,0.5573,405.0,674.0,507.3,755.4,2048,1536
20170520_FIRE_pi-w-mobo-c,780,0.4925,406.0,673.8,519.9,759.2,2048,1536
20170520_FIRE_pi-w-mobo-c,840,0.4823,407.8,671.1,521.8,755.2,2048,1536
20170520_FIRE_pi-w-mobo-c,900,0.4980,408.9,664.4,528.0,758.7,2048,1536
20170520_FIRE_pi-w-mobo-c,900,0.1018,407.9,669.8,485.4,759.6,2048,1536
20170520_FIRE_pi-w-mobo-c,960,0.5604,408.1,659.9,541.9,761.7,2048,1536
20170520_FIRE_pi-w-mobo-c,1020,0.4043,409.9,656.6,551.2,754.8,2048,1536
20170520_FIRE_pi-w-mobo-c,1080,0.2287,397.8,652.2,570.8,758.7,2048,1536
20170520_FIRE_pi-w-mobo-c,1080,0.1759,395.7,654.4,522.2,758.7,2048,1536
20170520_FIRE_pi-w-mobo-c,1080,0.1007,397.2,664.2,480.6,758.9,2048,1536
20170520_FIRE_pi-w-mobo-c,1140,0.1715,392.8,646.7,577.8,757.6,2048,1536
20170520_FIRE_pi-w-mobo-c,1140,0.1548,394.9,650.0,490.1,757.2,2048,1536
20170520_FIRE_pi-w-mobo-c,1200,0.3478,386.8,636.1,497.8,762.4,2048,1536
20170520_FIRE_pi-w-mobo-c,1260,0.5292,386.5,631.2,510.5,760.4,2048,1536
20170520_FIRE_pi-w-mobo-c,1260,0.1713,387.9,699.6,450.4,762.3,2048,1536
20170520_FIRE_pi-w-mobo-c,1320,0.5275,387.4,631.4,518.9,760.2,2048,1536
20170520_FIRE_pi-w-mobo-c,1380,0.5889,387.2,636.7,536.5,760.0,2048,1536
20170520_FIRE_pi-w-mobo-c,1440,0.6791,393.8,638.5,538.2,759.3,2048,1536
20170520_FIRE_pi-w-mobo-c,1500,0.3644,395.6,641.1,545.7,758.2,2048,1536
20170520_FIRE_pi-w-mobo-c,1500,0.2368,396.3,662.3,453.6,758.0,2048,1536
20170520_FIRE_pi-w-mobo-c,1560,0.4216,399.2,659.6,462.9,754.3,2048,1536
20170520_FIRE_pi-w-mobo-c,1560,0.3068,398.1,646.8,498.2,754.1,2048,1536
20170520_FIRE_pi-w-mobo-c,1620,0.4395,402.8,660.7,476.8,759.1,2048,1536
20170520_FIRE_pi-w-mobo-c,1680,0.4523,406.8,666.6,490.2,757.7,2048,1536
20170520_FIRE_pi-w-mobo-c,1740,0.5465,404.8,666.8,503.2,758.9,2048,1536
20170520_FIRE_pi-w-mobo-c,1800,0.4612,397.9,659.5,511.2,758.1,2048,1536
20170520_FIRE_pi-w-mobo-c,1860,0.5136,393.5,654.5,520.6,758.8,2048,1536
20170520_FIRE_pi-w-mobo-c,1920,0.4443,392.6,649.7,528.3,761.3,2048,1536
20170520_FIRE_pi-w-mobo-c,1920,0.1842,390.0,645.6,641.1,761.9,2048,1536
20170520_FIRE_pi-w-mobo-c,1980,0.4686,390.0,655.0,533.5,764.0,2048,1536
20170520_FIRE_pi-w-mobo-c,1980,0.1043,390.1,664.8,497.8,764.0,2048,1536
20170520_FIRE_pi-w-mobo-c,2040,0.4998,390.0,652.7,547.4,762.1,2048,1536
20170520_FIRE_pi-w-mobo-c,2100,0.1840,389.2,681.6,461.7,762.8,2048,1536
20170520_FIRE_pi-w-mobo-c,2100,0.1438,387.9,648.0,562.4,763.5,2048,1536
20170520_FIRE_pi-w-mobo-c,2160,0.5798,374.2,669.7,465.8,763.0,2048,1536
20170520_FIRE_pi-w-mobo-c,2220,0.6289,371.5,653.4,476.5,764.1,2048,1536
20170520_FIRE_pi-w-mobo-c,2280,0.7061,366.9,639.1,474.9,764.9,2048,1536
20170520_FIRE_pi-w-mobo-c,2340,0.6917,368.9,633.2,478.7,764.8,2048,1536
20170520_FIRE_pi-w-mobo-c,2400,0.6946,366.8,634.2,480.5,764.7,2048,1536
20170609_FIRE_sm-n-mobo-c,1740,0.1806,1017.8,774.9,1167.4,855.7,2048,1536
20170609_FIRE_sm-n-mobo-c,1800,0.1500,1012.7,774.6,1188.9,858.2,2048,1536
20170609_FIRE_sm-n-mobo-c,1800,0.1127,1012.6,779.4,1096.7,858.2,2048,1536
20170609_FIRE_sm-n-mobo-c,1860,0.4850,1012.8,757.6,1131.2,858.7,2048,1536
20170609_FIRE_sm-n-mobo-c,1920,0.2585,1015.4,747.4,1176.0,856.9,2048,1536
20170609_FIRE_sm-n-mobo-c,1980,0.4183,1015.5,752.9,1304.3,859.6,2048,1536
20170609_FIRE_sm-n-mobo-c,1980,0.1450,1015.9,753.2,1192.4,858.5,2048,1536
20170609_FIRE_sm-n-mobo-c,2040,0.4586,1011.5,756.2,1301.5,860.1,2048,1536
20170609_FIRE_sm-n-mobo-c,2040,0.1730,1011.5,771.8,1164.6,858.0,2048,1536
20170609_FIRE_sm-n-mobo-c,2100,0.3578,1012.9,754.7,1360.6,858.8,2048,1536
20170609_FIRE_sm-n-mobo-c,2100,0.3267,1016.7,761.5,1175.8,858.3,2048,1536
20170609_FIRE_sm-n-mobo-c,2160,0.6631,1013.3,751.7,1436.0,861.0,2048,1536
20170609_FIRE_sm-n-mobo-c,2160,0.1525,1014.8,814.2,1106.1,858.3,2048,1536
20170609_FIRE_sm-n-mobo-c,2220,0.2438,1007.8,748.6,1498.4,860.2,2048,1536
20170609_FIRE_sm-n-mobo-c,2220,0.2418,1010.4,789.6,1145.5,859.3,2048,1536
20170609_FIRE_sm-n-mobo-c,2220,0.1789,1010.6,808.9,1114.8,859.2,2048,1536
20170609_FIRE_sm-n-mobo-c,2220,0.1294,1010.4,779.7,1186.9,859.1,2048,1536
20170609_FIRE_sm-n-mobo-c,2280,0.5808,1012.9,817.3,1115.5,859.7,2048,1536
20170609_FIRE_sm-n-mobo-c,2340,0.3761,1011.6,796.9,1150.8,859.1,2048,1536
20170609_FIRE_sm-n-mobo-c,2340,0.1100,1012.3,809.9,1131.7,858.8,2048,1536
20170609_FIRE_sm-n-mobo-c,2400,0.3071,1011.5,793.9,1167.7,859.4,2048,1536
20170609_FIRE_sm-n-mobo-c,2400,0.1744,1012.8,811.2,1075.7,858.6,2048,1536
20170613_FIRE_bh-w-mobo-c,480,0.1313,953.7,627.9,1017.6,661.0,2048,1536
20170613_FIRE_bh-w-mobo-c,600,0.1636,941.5,628.0,1019.6,661.8,2048,1536
20170613_FIRE_hp-n-mobo-c,720,0.1243,424.3,737.0,453.6,770.4,2048,1536
20170613_FIRE_hp-n-mobo-c,780,0.4098,426.6,734.6,456.2,768.9,2048,1536
20170613_FIRE_hp-n-mobo-c,840,0.4571,426.4,731.1,456.0,768.9,2048,1536
20170613_FIRE_hp-n-mobo-c,900,0.4948,421.3,730.8,458.9,769.3,2048,1536
20170613_FIRE_hp-n-mobo-c,960,0.1515,417.4,727.2,464.7,770.8,2048,1536
20170613_FIRE_hp-n-mobo-c,1020,0.2908,423.2,724.1,464.2,772.7,2048,1536
20170613_FIRE_hp-n-mobo-c,1380,0.2938,427.6,733.5,454.8,774.7,2048,1536
20170613_FIRE_hp-n-mobo-c,1440,0.6546,425.7,720.7,462.1,770.3,2048,1536
20170613_FIRE_hp-n-mobo-c,1500,0.5265,420.3,710.5,459.8,766.9,2048,1536
20170613_FIRE_hp-n-mobo-c,1560,0.7065,412.4,709.9,460.3,775.1,2048,1536
20170613_FIRE_hp-n-mobo-c,1620,0.5053,405.6,717.2,472.1,775.2,2048,1536
20170613_FIRE_hp-n-mobo-c,1680,0.3120,425.4,719.3,477.0,779.0,2048,1536
20170613_FIRE_hp-n-mobo-c,1680,0.1730,436.5,718.8,477.6,772.8,2048,1536
20170613_FIRE_hp-n-mobo-c,1740,0.3516,440.0,712.3,475.2,775.4,2048,1536
20170613_FIRE_hp-n-mobo-c,1800,0.5043,429.4,712.8,472.1,780.3,2048,1536
20170613_FIRE_hp-n-mobo-c,1860,0.2635,417.1,723.4,475.8,782.2,2048,1536
20170613_FIRE_hp-n-mobo-c,1860,0.1342,421.2,731.6,468.3,783.0,2048,1536
20170613_FIRE_hp-n-mobo-c,1860,0.1302,422.3,744.6,457.7,783.6,2048,1536
20170613_FIRE_hp-n-mobo-c,1920,0.2977,428.4,720.5,482.9,775.7,2048,1536
20170613_FIRE_hp-n-mobo-c,1980,0.5870,436.8,710.7,487.2,771.9,2048,1536
20170613_FIRE_hp-n-mobo-c,2040,0.5768,434.3,703.6,488.3,779.1,2048,1536
20170613_FIRE_hp-n-mobo-c,2040,0.1291,422.7,704.3,483.1,783.6,2048,1536
20170613_FIRE_hp-n-mobo-c,2100,0.3628,415.4,707.2,486.1,777.8,2048,1536
20170613_FIRE_hp-n-mobo-c,2160,0.2105,423.1,767.3,445.2,785.0,2048,1536
20170625_BBM_bm-n-mobo,420,0.1986,1582.2,751.3,1639.3,789.8,2048,1536
20170625_BBM_bm-n-mobo,480,0.6527,1588.2,721.4,1656.7,784.6,2048,1536
20170625_BBM_bm-n-mobo,540,0.1735,1579.0,684.3,1655.8,789.5,2048,1536
20170625_BBM_bm-n-mobo,600,0.1089,1603.4,761.2,1656.1,792.7,2048,1536
20170625_BBM_bm-n-mobo,660,0.3460,1602.4,740.9,1720.4,790.9,2048,1536
20170625_BBM_bm-n-mobo,720,0.3698,1586.6,746.8,1709.2,789.8,2048,1536
20170625_BBM_bm-n-mobo,720,0.2967,1584.1,752.1,1676.6,790.7,2048,1536
20170625_BBM_bm-n-mobo,780,0.2598,1600.5,704.2,1761.9,790.2,2048,1536
20170625_BBM_bm-n-mobo,780,0.2069,1602.4,705.6,1673.1,789.6,2048,1536
20170625_BBM_bm-n-mobo,840,0.5159,1600.0,753.8,1682.1,798.0,2048,1536
20170625_BBM_bm-n-mobo,900,0.5175,1594.9,745.8,1666.6,799.2,2048,1536
20170625_BBM_bm-n-mobo,960,0.7546,1594.3,663.2,1777.8,799.3,2048,1536
20170625_BBM_bm-n-mobo,1020,0.5109,1603.2,721.7,1660.4,793.5,2048,1536
20170625_BBM_bm-n-mobo,1080,0.2799,1596.6,683.8,1692.8,799.5,2048,1536
20170625_BBM_bm-n-mobo,1140,0.6663,1603.4,700.7,1716.0,792.5,2048,1536
20170625_BBM_bm-n-mobo,1200,0.4991,1602.4,732.8,1765.0,798.8,2048,1536
20170625_BBM_bm-n-mobo,1200,0.1144,1601.3,709.1,1786.8,799.9,2048,1536
20170625_BBM_bm-n-mobo,1260,0.7409,1591.0,669.6,1773.5,793.1,2048,1536
20170625_BBM_bm-n-mobo,1320,0.7078,1603.0,710.8,1732.4,792.5,2048,1536
20170625_BBM_bm-n-mobo,1380,0.6481,1582.7,721.7,1664.8,789.5,2048,1536
20170625_BBM_bm-n-mobo,1440,0.6991,1593.3,665.9,1722.0,791.1,2048,1536
20170625_BBM_bm-n-mobo,1500,0.6916,1596.7,707.0,1758.8,792.3,2048,1536
20170625_BBM_bm-n-mobo,1560,0.7345,1583.6,730.7,1705.2,796.4,2048,1536
20170625_BBM_bm-n-mobo,1620,0.8417,1596.2,694.6,1706.8,795.8,2048,1536
20170625_BBM_bm-n-mobo,1680,0.5118,1590.5,665.2,1833.2,796.4,2048,1536
20170625_BBM_bm-n-mobo,1740,0.8411,1605.8,692.7,1726.7,793.1,2048,1536
20170625_BBM_bm-n-mobo,1800,0.4643,1604.4,733.5,1761.6,800.7,2048,1536
20170625_BBM_bm-n-mobo,1800,0.4225,1595.8,660.0,1877.8,799.0,2048,1536
20170625_BBM_bm-n-mobo,1860,0.8066,1585.1,694.1,1844.8,789.7,2048,1536
20170625_BBM_bm-n-mobo,1920,0.7775,1580.5,657.4,1888.9,794.6,2048,1536
20170625_BBM_bm-n-mobo,1980,0.8710,1593.6,634.0,1801.4,796.1,2048,1536
20170625_BBM_bm-n-mobo,2040,0.8016,1610.6,646.9,1892.7,795.6,2048,1536
20170625_BBM_bm-n-mobo,2100,0.7569,1593.5,652.0,1925.0,797.9,2048,1536
20170625_BBM_bm-n-mobo,2160,0.6743,1599.1,685.5,1979.4,801.3,2048,1536
20170625_BBM_bm-n-mobo,2220,0.6450,1597.1,634.7,1975.9,804.6,2048,1536
20170625_BBM_bm-n-mobo,2280,0.6261,1583.6,541.8,2021.5,790.2,2048,1536
20170625_BBM_bm-n-mobo,2340,0.5920,1605.1,630.4,2033.9,801.3,2048,1536
20170625_BBM_bm-n-mobo,2400,0.6489,1594.8,634.5,2015.2,806.0,2048,1536
20170625_BBM_bm-n-mobo,2400,0.1783,1593.9,636.6,1879.3,805.9,2048,1536
20170625_FIRE_mg-s-iqeye,-2400,0.1419,884.1,421.1,928.9,569.8,1600,1200
20170625_FIRE_mg-s-iqeye,-2400,0.1027,886.5,436.2,919.1,570.5,1600,1200
20170625_FIRE_mg-s-iqeye,-2340,0.1021,886.5,437.7,921.0,574.2,1600,1200
20170625_FIRE_mg-s-iqeye,-2280,0.1181,887.0,505.2,918.1,573.0,1600,1200
20170625_FIRE_mg-s-iqeye,-2220,0.1548,884.1,421.7,929.8,572.1,1600,1200
20170625_FIRE_mg-s-iqeye,-2220,0.1278,886.8,446.1,917.6,573.2,1600,1200
20170625_FIRE_mg-s-iqeye,-2160,0.1707,884.6,424.4,929.2,569.1,1600,1200
20170625_FIRE_mg-s-iqeye,-2100,0.1442,885.5,420.8,931.0,570.7,1600,1200
20170625_FIRE_mg-s-iqeye,-2040,0.1560,884.7,422.2,928.9,572.5,1600,1200
20170625_FIRE_mg-s-iqeye,-1980,0.1222,884.1,422.9,928.7,571.7,1600,1200
20170625_FIRE_mg-s-iqeye,-1920,0.1617,884.8,424.3,928.4,570.1,1600,1200
20170625_FIRE_mg-s-iqeye,-1920,0.1552,887.0,441.0,920.8,570.0,1600,1200
20170625_FIRE_mg-s-iqeye,-1800,0.1766,885.6,420.7,936.0,572.2,1600,1200
20170625_FIRE_mg-s-iqeye,-1800,0.1063,887.4,430.1,922.6,574.5,1600,1200
20170625_FIRE_mg-s-iqeye,-1740,0.1438,885.0,418.8,937.2,571.2,1600,1200
20170625_FIRE_mg-s-iqeye,-1680,0.1482,885.9,419.3,937.5,571.9,1600,1200
20170625_FIRE_mg-s-iqeye,-1620,0.1416,884.7,420.3,938.3,572.1,1600,1200
20170625_FIRE_mg-s-iqeye,-1620,0.1257,887.8,539.8,914.8,572.7,1600,1200
20170625_FIRE_mg-s-iqeye,-1620,0.1155,887.4,487.7,918.7,573.1,1600,1200
20170625_FIRE_mg-s-iqeye,-1560,0.1569,884.4,418.2,938.4,571.4,1600,1200
20170625_FIRE_mg-s-iqeye,-1500,0.1733,885.0,420.9,938.1,570.8,1600,1200
20170625_FIRE_mg-s-iqeye,-1440,0.1591,884.1,418.3,934.7,570.8,1600,1200
20170625_FIRE_mg-s-iqeye,-1380,0.1417,884.6,420.3,934.1,574.3,1600,1200
20170625_FIRE_mg-s-iqeye,-1380,0.1091,887.1,456.6,917.9,577.5,1600,1200
20170625_FIRE_mg-s-iqeye,-1380,0.1030,1587.7,561.2,1600.0,588.9,1600,1200
20170625_FIRE_mg-s-iqeye,-1320,0.1621,884.8,420.9,934.6,572.7,1600,1200
20170625_FIRE_mg-s-iqeye,-1320,0.1097,887.0,433.4,921.9,574.3,1600,1200
20170625_FIRE_mg-s-iqeye,-1260,0.1919,885.0,421.0,933.6,573.9,1600,1200
20170625_FIRE_mg-s-iqeye,-1260,0.1364,887.1,435.3,919.9,576.6,1600,1200
20170625_FIRE_mg-s-iqeye,-1200,0.1036,883.6,418.4,939.8,571.3,1600,1200
20170625_FIRE_mg-s-iqeye,-1140,0.2045,883.9,417.9,935.0,570.2,1600,1200
20170625_FIRE_mg-s-iqeye,-1140,0.1201,886.2,428.7,921.8,570.0,1600,1200
20170625_FIRE_mg-s-iqeye,-1080,0.1231,888.0,542.7,914.7,573.7,1600,1200
20170625_FIRE_mg-s-iqeye,-1080,0.1205,884.7,417.8,938.4,573.8,1600,1200
20170625_FIRE_mg-s-iqeye,-1080,0.1076,887.4,513.9,919.0,574.8,1600,1200
20170625_FIRE_mg-s-iqeye,-1020,0.1004,886.8,530.5,917.5,574.2,1600,1200
20170625_FIRE_mg-s-iqeye,-960,0.1906,884.7,417.9,934.5,571.0,1600,1200
20170625_FIRE_mg-s-iqeye,-960,0.1268,887.2,436.2,921.4,570.8,1600,1200
20170625_FIRE_mg-s-iqeye,-900,0.1853,884.5,419.2,934.8,571.3,1600,1200
20170625_FIRE_mg-s-iqeye,-900,0.1474,887.0,470.2,919.5,570.9,1600,1200
20170625_FIRE_mg-s-iqeye,-900,0.1087,887.7,542.6,915.0,570.6,1600,1200
20170625_FIRE_mg-s-iqeye,-840,0.1537,885.1,418.8,936.5,572.2,1600,1200
20170625_FIRE_mg-s-iqeye,-840,0.1260,887.3,460.6,919.0,572.9,1600,1200
20170625_FIRE_mg-s-iqeye,-840,0.1037,887.8,541.4,914.9,572.5,1600,1200
20170625_FIRE_mg-s-iqeye,-780,0.1535,884.9,417.4,939.1,570.8,1600,1200
20170625_FIRE_mg-s-iqeye,-780,0.1091,886.9,459.2,919.3,570.7,1600,1200
20170625_FIRE_mg-s-iqeye,-720,0.1483,885.3,420.7,935.5,574.0,1600,1200
20170625_FIRE_mg-s-iqeye,-720,0.1202,887.4,435.2,919.3,575.6,1600,1200
20170625_FIRE_mg-s-iqeye,-660,0.1631,885.0,419.2,937.2,572.4,1600,1200
20170625_FIRE_mg-s-iqeye,-600,0.1541,883.7,419.0,934.6,571.6,1600,1200
20170625_FIRE_mg-s-iqeye,-600,0.1398,886.5,507.9,917.7,571.4,1600,1200
20170625_FIRE_mg-s-iqeye,-600,0.1350,886.6,542.6,914.7,571.0,1600,1200
20170625_FIRE_mg-s-iqeye,-600,0.1191,1584.8,562.6,1600.0,588.8,1600,1200
20170625_FIRE_mg-s-iqeye,-540,0.1733,883.7,418.6,934.8,572.1,1600,1200
20170625_FIRE_mg-s-iqeye,-540,0.1235,885.9,424.8,922.2,573.0,1600,1200
20170625_FIRE_mg-s-iqeye,-480,0.1610,883.3,419.6,936.7,570.5,1600,1200
20170625_FIRE_mg-s-iqeye,-420,0.1809,885.2,418.3,935.4,574.3,1600,1200
20170625_FIRE_mg-s-iqeye,-420,0.1485,887.1,432.0,920.7,577.9,1600,1200
20170625_FIRE_mg-s-iqeye,-420,0.1044,1586.6,563.3,1600.0,588.7,1600,1200
20170625_FIRE_mg-s-iqeye,-360,0.1672,885.5,421.5,935.7,572.7,1600,1200
20170625_FIRE_mg-s-iqeye,-360,0.1306,887.6,441.8,919.7,573.7,1600,1200
20170625_FIRE_mg-s-iqeye,-300,0.1685,884.5,420.1,937.3,571.4,1600,1200
20170625_FIRE_mg-s-iqeye,-240,0.1782,884.5,419.5,933.9,572.3,1600,1200
20170625_FIRE_mg-s-iqeye,-240,0.1292,887.0,432.0,920.7,572.8,1600,1200
20170625_FIRE_mg-s-iqeye,-180,0.1771,884.6,418.4,936.9,571.6,1600,1200
20170625_FIRE_mg-s-iqeye,-180,0.1275,887.0,459.8,919.8,571.5,1600,1200
20170625_FIRE_mg-s-iqeye,-180,0.1166,887.8,542.1,915.1,571.4,1600,1200
20170625_FIRE_mg-s-iqeye,-120,0.1330,1584.1,561.3,1600.0,589.5,1600,1200
20170625_FIRE_mg-s-iqeye,-120,0.1284,885.5,419.0,936.7,573.2,1600,1200
20170625_FIRE_mg-s-iqeye,-120,0.1045,887.6,437.7,920.7,575.0,1600,1200
20170625_FIRE_mg-s-iqeye,-60,0.1996,885.0,419.6,935.3,572.8,1600,1200
20170625_FIRE_mg-s-iqeye,-60,0.1223,887.0,425.7,922.1,573.6,1600,1200
20170625_FIRE_mg-s-iqeye,-60,0.1074,1588.0,561.0,1600.0,592.1,1600,1200
20170625_FIRE_mg-s-iqeye,0,0.1620,883.5,418.2,936.9,571.9,1600,1200
20170625_FIRE_mg-s-iqeye,0,0.1284,886.0,452.4,921.7,572.0,1600,1200
20170625_FIRE_mg-s-iqeye,60,0.2009,884.8,417.9,935.8,571.0,1600,1200
20170625_FIRE_mg-s-iqeye,60,0.1316,886.9,459.3,918.2,570.9,1600,1200
20170625_FIRE_mg-s-iqeye,60,0.1153,887.0,540.6,914.5,570.7,1600,1200
20170625_FIRE_mg-s-iqeye,120,0.1790,885.7,418.5,937.0,571.6,1600,1200
20170625_FIRE_mg-s-iqeye,120,0.1147,887.4,424.9,924.8,572.7,1600,1200
20170625_FIRE_mg-s-iqeye,120,0.1059,1586.4,561.8,1600.0,591.4,1600,1200
20170625_FIRE_mg-s-iqeye,180,0.1295,885.1,419.9,937.6,571.4,1600,1200
20170625_FIRE_mg-s-iqeye,180,0.1083,1588.1,562.9,1600.0,590.2,1600,1200
20170625_FIRE_mg-s-iqeye,240,0.1733,885.2,417.5,940.2,572.1,1600,1200
20170625_FIRE_mg-s-iqeye,240,0.1157,1586.8,562.5,1600.0,591.6,1600,1200
20170625_FIRE_mg-s-iqeye,300,0.1508,883.8,418.9,937.7,574.4,1600,1200
20170625_FIRE_mg-s-iqeye,300,0.1090,886.8,539.2,914.4,574.8,1600,1200
20170625_FIRE_mg-s-iqeye,300,0.1045,886.6,428.7,919.4,576.9,1600,1200
20170625_FIRE_mg-s-iqeye,360,0.1581,883.0,417.1,939.1,572.9,1600,1200
20170625_FIRE_mg-s-iqeye,420,0.1406,883.6,417.3,938.3,572.1,1600,1200
20170625_FIRE_mg-s-iqeye,420,0.1059,1588.5,561.4,1600.0,592.0,1600,1200
20170625_FIRE_mg-s-iqeye,420,0.1017,886.0,541.9,914.8,571.8,1600,1200
20170625_FIRE_mg-s-iqeye,480,0.1838,884.7,419.5,936.5,573.1,1600,1200
20170625_FIRE_mg-s-iqeye,480,0.1223,887.0,437.7,920.2,574.5,1600,1200
20170625_FIRE_mg-s-iqeye,540,0.1489,884.2,419.5,934.5,572.2,1600,1200
20170625_FIRE_mg-s-iqeye,540,0.1308,886.7,483.7,918.8,573.3,1600,1200
20170625_FIRE_mg-s-iqeye,540,0.1052,886.9,542.3,914.7,571.9,1600,1200
20170625_FIRE_mg-s-iqeye,540,0.1014,886.0,530.9,916.1,574.7,1600,1200
20170625_FIRE_mg-s-iqeye,600,0.1697,885.1,419.7,932.0,571.7,1600,1200
20170625_FIRE_mg-s-iqeye,600,0.1137,886.7,438.0,920.4,572.2,1600,1200
20170625_FIRE_mg-s-iqeye,660,0.1857,884.6,417.8,935.8,572.5,1600,1200
20170625_FIRE_mg-s-iqeye,660,0.1713,887.8,543.4,915.2,571.6,1600,1200
20170625_FIRE_mg-s-iqeye,660,0.1537,887.0,516.6,918.9,572.6,1600,1200
20170625_FIRE_mg-s-iqeye,720,0.2193,884.2,419.3,936.1,571.5,1600,1200
20170625_FIRE_mg-s-iqeye,780,0.1194,883.6,420.5,938.3,572.3,1600,1200
20170625_FIRE_mg-s-iqeye,840,0.4435,1410.4,598.0,1447.0,632.7,1600,1200
20170625_FIRE_mg-s-iqeye,840,0.1185,883.8,420.8,933.4,571.7,1600,1200
20170625_FIRE_mg-s-iqeye,900,0.2064,884.5,419.6,932.6,573.3,1600,1200
20170625_FIRE_mg-s-iqeye,900,0.1355,886.8,425.0,920.3,575.2,1600,1200
20170625_FIRE_mg-s-iqeye,960,0.1923,885.8,417.8,938.5,571.4,1600,1200
20170625_FIRE_mg-s-iqeye,1020,0.1466,884.9,418.2,935.9,572.4,1600,1200
20170625_FIRE_mg-s-iqeye,1020,0.1299,888.0,544.2,914.6,571.4,1600,1200
20170625_FIRE_mg-s-iqeye,1020,0.1227,887.3,494.4,917.5,572.7,1600,1200
20170625_FIRE_mg-s-iqeye,1140,0.1356,1586.3,563.4,1600.0,587.8,1600,1200
20170625_FIRE_mg-s-iqeye,1140,0.1332,883.9,418.9,934.6,573.8,1600,1200
20170625_FIRE_mg-s-iqeye,1200,0.1197,885.4,419.8,937.8,573.2,1600,1200
20170625_FIRE_mg-s-iqeye,1260,0.7905,1385.4,592.0,1437.1,630.4,1600,1200
20170625_FIRE_mg-s-iqeye,1320,0.3307,1328.5,587.7,1433.9,631.6,1600,1200
20170625_FIRE_mg-s-iqeye,1320,0.2160,1400.7,590.8,1433.6,628.9,1600,1200
20170625_FIRE_mg-s-iqeye,1380,0.3475,1400.8,588.3,1432.0,628.5,1600,1200
20170625_FIRE_mg-s-iqeye,1440,0.2848,1404.5,603.6,1431.8,629.5,1600,1200
20170625_FIRE_mg-s-iqeye,1440,0.1027,887.0,475.6,918.6,572.7,1600,1200
20170625_FIRE_mg-s-iqeye,1500,0.1478,1400.2,588.1,1423.6,625.1,1600,1200
20170625_FIRE_mg-s-iqeye,1560,0.7174,1390.3,592.8,1434.2,629.8,1600,1200
20170625_FIRE_mg-s-iqeye,1620,0.6382,1382.3,595.1,1438.3,630.7,1600,1200
20170625_FIRE_mg-s-iqeye,1680,0.1028,1387.1,591.1,1439.3,631.7,1600,1200
20170625_FIRE_mg-s-iqeye,1740,0.7489,1410.6,592.2,1445.2,632.8,1600,1200
20170625_FIRE_mg-s-iqeye,1800,0.7772,1372.7,592.2,1435.0,629.9,1600,1200
20170625_FIRE_mg-s-iqeye,1920,0.7338,1404.0,596.6,1444.3,631.8,1600,1200
20170625_FIRE_mg-s-iqeye,1980,0.6780,1357.6,587.0,1444.5,630.2,1600,1200
20170625_FIRE_mg-s-iqeye,2040,0.7788,1398.1,592.9,1446.2,633.3,1600,1200
20170625_FIRE_mg-s-iqeye,2100,0.3240,1372.5,589.5,1425.4,627.2,1600,1200
20170625_FIRE_mg-s-iqeye,2160,0.6583,1357.9,594.1,1443.0,631.3,1600,1200
20170625_FIRE_mg-s-iqeye,2220,0.6855,1337.3,585.3,1440.4,634.5,1600,1200
20170625_FIRE_mg-s-iqeye,2220,0.1067,1308.2,582.2,1441.8,636.6,1600,1200
20170625_FIRE_mg-s-iqeye,2280,0.6277,1374.9,583.4,1436.4,629.9,1600,1200
20170625_FIRE_mg-s-iqeye,2280,0.2292,1249.7,568.6,1438.7,637.6,1600,1200
20170625_FIRE_mg-s-iqeye,2340,0.3693,1275.3,572.3,1421.6,627.5,1600,1200
20170625_FIRE_mg-s-iqeye,2340,0.1967,1252.4,556.0,1425.8,629.9,1600,1200
20170625_FIRE_mg-s-iqeye,2400,0.6453,1191.2,565.4,1435.9,640.8,1600,1200
20170627_FIRE_om-e-mobo-c,-2400,0.1128,1332.1,1347.8,1500.2,1453.3,2048,1536
20170627_FIRE_om-e-mobo-c,-2340,0.2198,1332.5,1357.1,1494.1,1454.8,2048,1536
20170627_FIRE_om-e-mobo-c,-2280,0.2139,1326.1,1361.8,1490.4,1459.4,2048,1536
20170627_FIRE_om-e-mobo-c,-2220,0.2623,1328.9,1370.6,1490.2,1463.8,2048,1536
20170627_FIRE_om-e-mobo-c,-2160,0.3663,1327.8,1373.8,1484.5,1467.9,2048,1536
20170627_FIRE_om-e-mobo-c,-2100,0.3530,1325.4,1378.0,1482.7,1470.9,2048,1536
20170627_FIRE_om-e-mobo-c,-2040,0.3383,1322.9,1380.3,1479.0,1474.1,2048,1536
20170627_FIRE_om-e-mobo-c,-1980,0.3171,1321.0,1382.8,1477.4,1478.3,2048,1536
20170627_FIRE_om-e-mobo-c,-1920,0.2461,1313.8,1384.2,1480.8,1483.7,2048,1536
20170627_FIRE_om-e-mobo-c,-1860,0.1848,1314.9,1389.9,1478.7,1487.9,2048,1536
20170627_FIRE_om-e-mobo-c,-1740,0.1986,1300.6,1390.7,1476.2,1497.0,2048,1536
20170627_FIRE_om-e-mobo-c,-1620,0.1292,1288.7,1417.0,1459.2,1507.2,2048,1536
20170627_FIRE_om-e-mobo-c,-1560,0.2500,1286.3,1419.9,1460.2,1513.1,2048,1536
20170627_FIRE_om-e-mobo-c,-1500,0.3428,1284.8,1416.2,1457.0,1518.3,2048,1536
20170627_FIRE_om-e-mobo-c,-1500,0.1177,1281.7,1375.9,1460.5,1519.7,2048,1536
20170627_FIRE_om-e-mobo-c,-1440,0.3475,1278.5,1422.5,1452.6,1522.8,2048,1536
20170627_FIRE_om-e-mobo-c,-1380,0.2464,1279.6,1430.4,1448.4,1524.2,2048,1536
20170627_FIRE_om-e-mobo-c,-1320,0.4039,1277.9,1433.6,1449.9,1526.3,2048,1536
20170627_FIRE_om-e-mobo-c,-1260,0.4519,1279.2,1439.1,1449.3,1529.2,2048,1536
20170627_FIRE_om-e-mobo-c,-1200,0.3757,1283.3,1440.9,1449.0,1531.8,2048,1536
20170627_FIRE_om-e-mobo-c,-1140,0.3232,1279.0,1442.3,1447.0,1534.5,2048,1536
20170627_FIRE_om-e-mobo-c,-1080,0.2272,1275.4,1445.7,1445.8,1534.5,2048,1536
20170627_FIRE_om-e-mobo-c,-1020,0.1853,1276.2,1448.6,1443.9,1535.5,2048,1536
20170627_FIRE_om-e-mobo-c,-960,0.1693,1276.4,1445.9,1443.6,1534.1,2048,1536
20170627_FIRE_om-e-mobo-c,-900,0.2583,1277.7,1439.9,1440.2,1535.0,2048,1536
20170627_FIRE_om-e-mobo-c,-840,0.1390,1279.1,1444.3,1440.7,1535.6,2048,1536
20170627_FIRE_om-e-mobo-c,120,0.2460,1909.4,749.4,1932.5,775.1,2048,1536
20170627_FIRE_om-e-mobo-c,180,0.1080,1901.7,745.6,1930.5,774.0,2048,1536
20170627_FIRE_om-e-mobo-c,540,0.1830,1910.6,750.3,1928.3,775.5,2048,1536
20170627_FIRE_om-e-mobo-c,600,0.4816,1904.1,746.3,1926.3,775.3,2048,1536
20170627_FIRE_om-e-mobo-c,660,0.4580,1899.1,745.0,1924.8,775.2,2048,1536
20170627_FIRE_om-e-mobo-c,720,0.5310,1893.7,743.7,1924.9,775.6,2048,1536
20170627_FIRE_om-e-mobo-c,780,0.4683,1887.6,741.8,1923.1,774.8,2048,1536
20170627_FIRE_om-e-mobo-c,840,0.2238,1879.4,743.9,1922.6,775.0,2048,1536
20170627_FIRE_om-e-mobo-c,840,0.1487,1864.1,742.5,1922.5,775.5,2048,1536
20170627_FIRE_om-e-mobo-c,900,0.1950,1875.2,742.0,1921.5,774.3,2048,1536
20170627_FIRE_om-e-mobo-c,960,0.2530,1875.1,744.9,1920.4,775.4,2048,1536
20170627_FIRE_om-e-mobo-c,2280,0.1927,1834.2,747.6,1858.9,776.0,2048,1536
20170708_Whittier_syp-n-mobo-c,240,0.2903,1510.1,979.3,1778.0,1066.7,3072,2048
20170708_Whittier_syp-n-mobo-c,300,0.6023,1515.1,972.3,1792.8,1065.7,3072,2048
20170708_Whittier_syp-n-mobo-c,360,0.6526,1516.4,964.1,1793.1,1065.6,3072,2048
20170708_Whittier_syp-n-mobo-c,360,0.1068,1515.2,966.6,1715.8,1062.8,3072,2048
20170708_Whittier_syp-n-mobo-c,420,0.8709,1511.1,909.3,1821.2,1060.9,3072,2048
20170708_Whittier_syp-n-mobo-c,480,0.7656,1513.7,864.4,1738.0,1059.5,3072,2048
20170708_Whittier_syp-n-mobo-c,480,0.4452,1511.1,857.9,1933.7,1059.6,3072,2048
20170708_Whittier_syp-n-mobo-c,540,0.8942,1508.9,796.2,1854.5,1070.1,3072,2048
20170708_Whittier_syp-n-mobo-c,600,0.8535,1510.3,815.5,1819.4,1067.3,3072,2048
20170708_Whittier_syp-n-mobo-c,660,0.6999,1510.9,745.0,1900.6,1069.0,3072,2048
20170708_Whittier_syp-n-mobo-c,720,0.8068,1510.4,675.8,2021.7,1072.2,3072,2048
20170708_Whittier_syp-n-mobo-c,720,0.1413,1510.3,909.4,1842.1,1073.4,3072,2048
20170708_Whittier_syp-n-mobo-c,780,0.7110,1513.9,642.6,2053.6,1077.6,3072,2048
20170708_Whittier_syp-n-mobo-c,840,0.6605,1521.4,603.4,2178.6,1088.1,3072,2048
20170708_Whittier_syp-n-mobo-c,900,0.7112,1513.3,882.4,1959.6,1081.5,3072,2048
20170708_Whittier_syp-n-mobo-c,900,0.4522,1519.3,538.4,2287.8,1099.1,3072,2048
20170708_Whittier_syp-n-mobo-c,960,0.6889,1512.2,848.7,1919.9,1076.4,3072,2048
20170708_Whittier_syp-n-mobo-c,960,0.2204,1510.7,498.4,2328.2,1084.7,3072,2048
20170708_Whittier_syp-n-mobo-c,960,0.1292,1496.5,707.7,2318.9,1081.9,3072,2048
20170708_Whittier_syp-n-mobo-c,960,0.1185,1515.7,847.3,2099.9,1079.2,3072,2048
20170708_Whittier_syp-n-mobo-c,1020,0.4488,1509.5,804.0,2093.7,1084.8,3072,2048
20170708_Whittier_syp-n-mobo-c,1020,0.2313,1477.7,772.8,2349.7,1089.4,3072,2048
20170708_Whittier_syp-n-mobo-c,1020,0.1578,1507.3,655.2,2442.7,1087.1,3072,2048
20170708_Whittier_syp-n-mobo-c,1080,0.3909,1517.0,686.6,2186.0,1078.3,3072,2048
20170708_Whittier_syp-n-mobo-c,1080,0.3501,1510.4,912.2,1918.4,1073.3,3072,2048
20170708_Whittier_syp-n-mobo-c,1080,0.2120,1500.2,671.4,2472.3,1077.6,3072,2048
20170708_Whittier_syp-n-mobo-c,1140,0.6575,1503.7,879.9,1939.3,1070.7,3072,2048
20170708_Whittier_syp-n-mobo-c,1200,0.7729,1506.6,808.9,1918.0,1079.7,3072,2048
20170708_Whittier_syp-n-mobo-c,1260,0.6205,1518.5,718.0,1971.0,1084.7,3072,2048
20170708_Whittier_syp-n-mobo-c,1320,0.6789,1518.0,680.4,2028.3,1081.7,3072,2048
20170708_Whittier_syp-n-mobo-c,1320,0.1641,1514.4,892.3,1893.1,1079.4,3072,2048
20170708_Whittier_syp-n-mobo-c,1380,0.7431,1517.2,901.0,1884.6,1081.2,3072,2048
20170708_Whittier_syp-n-mobo-c,1380,0.3504,1543.7,666.9,2132.7,1077.0,3072,2048
20170708_Whittier_syp-n-mobo-c,1440,0.7596,1513.2,849.2,1974.2,1089.6,3072,2048
20170708_Whittier_syp-n-mobo-c,1500,0.7303,1519.9,830.8,1987.9,1102.3,3072,2048
20170708_Whittier_syp-n-mobo-c,1560,0.4002,1530.6,704.2,2127.6,1116.7,3072,2048
20170708_Whittier_syp-n-mobo-c,1560,0.1415,1512.3,840.3,2016.4,1106.3,3072,2048
20170708_Whittier_syp-n-mobo-c,1620,0.7396,1509.4,817.5,1966.8,1112.4,3072,2048
20170708_Whittier_syp-n-mobo-c,1680,0.4670,1513.1,849.6,1931.5,1118.3,3072,2048
20170708_Whittier_syp-n-mobo-c,1680,0.3101,1538.8,737.5,2141.9,1119.1,3072,2048
20170708_Whittier_syp-n-mobo-c,1740,0.5383,1511.9,838.6,2017.5,1110.9,3072,2048
20170708_Whittier_syp-n-mobo-c,1800,0.5456,1534.3,673.5,2075.8,1085.5,3072,2048
20170708_Whittier_syp-n-mobo-c,1860,0.4963,1510.7,673.4,2074.2,1074.4,3072,2048
20170708_Whittier_syp-n-mobo-c,1860,0.2760,1498.5,594.1,2170.2,1084.1,3072,2048
20170708_Whittier_syp-n-mobo-c,1920,0.4861,1539.9,560.9,2224.2,1088.5,3072,2048
20170708_Whittier_syp-n-mobo-c,1980,0.3965,1507.6,471.5,2307.6,1108.7,3072,2048
20170708_Whittier_syp-n-mobo-c,1980,0.1018,1444.8,391.4,2392.6,1160.7,3072,2048
20170708_Whittier_syp-n-mobo-c,2040,0.2959,1527.2,441.9,2348.0,1100.5,3072,2048
20170708_Whittier_syp-n-mobo-c,2100,0.3596,1527.7,469.8,2331.2,1111.8,3072,2048
20170708_Whittier_syp-n-mobo-c,2160,0.2221,1521.5,591.5,2161.1,1094.8,3072,2048
20170708_Whittier_syp-n-mobo-c,2160,0.2106,1539.3,377.1,2302.5,1193.1,3072,2048
20170708_Whittier_syp-n-mobo-c,2400,0.1267,1505.1,573.4,2201.6,1120.8,3072,2048
20170708_Whittier_syp-n-mobo-m,421,0.1337,1507.2,915.1,1840.0,1068.4,3072,2048
20170708_Whittier_syp-n-mobo-m,481,0.7837,1512.3,864.9,1742.8,1065.2,3072,2048
20170708_Whittier_syp-n-mobo-m,481,0.1551,1513.4,860.6,1839.8,1066.1,3072,2048
20170708_Whittier_syp-n-mobo-m,541,0.7901,1509.1,811.8,1869.1,1069.4,3072,2048
20170708_Whittier_syp-n-mobo-m,601,0.7810,1511.0,818.5,1841.7,1066.7,3072,2048
20170708_Whittier_syp-n-mobo-m,661,0.5848,1509.5,714.2,2026.6,1070.4,3072,2048
20170708_Whittier_syp-n-mobo-m,721,0.7469,1518.3,682.8,2050.1,1073.0,3072,2048
20170708_Whittier_syp-n-mobo-m,721,0.1754,1518.3,921.5,1844.4,1072.2,3072,2048
20170708_Whittier_syp-n-mobo-m,781,0.6345,1526.0,676.3,2105.7,1080.6,3072,2048
20170708_Whittier_syp-n-mobo-m,841,0.6257,1533.7,662.3,2207.3,1093.0,3072,2048
20170708_Whittier_syp-n-mobo-m,901,0.4787,1519.2,570.7,2287.4,1087.5,3072,2048
20170708_Whittier_syp-n-mobo-m,901,0.2574,1516.6,883.8,1998.2,1079.3,3072,2048
20170708_Whittier_syp-n-mobo-m,961,0.6014,1521.3,854.0,1948.9,1081.4,3072,2048
20170708_Whittier_syp-n-mobo-m,961,0.2440,1532.5,541.5,2315.0,1090.5,3072,2048
20170708_Whittier_syp-n-mobo-m,1021,0.4969,1516.9,803.5,2041.2,1089.2,3072,2048
20170708_Whittier_syp-n-mobo-m,1021,0.1031,1503.8,791.4,2297.5,1094.3,3072,2048
20170708_Whittier_syp-n-mobo-m,1081,0.3598,1524.3,727.3,2174.1,1086.2,3072,2048
20170708_Whittier_syp-n-mobo-m,1081,0.1213,1514.8,689.7,2566.7,1053.2,3072,2048
20170708_Whittier_syp-n-mobo-m,1141,0.6532,1508.4,880.4,1990.3,1073.3,3072,2048
20170708_Whittier_syp-n-mobo-m,1201,0.7351,1516.3,809.7,1965.0,1081.7,3072,2048
20170708_Whittier_syp-n-mobo-m,1261,0.6056,1528.7,715.6,1989.0,1075.4,3072,2048
20170708_Whittier_syp-n-mobo-m,1321,0.3920,1526.7,684.9,2068.9,1084.9,3072,2048
20170708_Whittier_syp-n-mobo-m,1321,0.2313,1520.1,896.1,1960.2,1084.8,3072,2048
20170708_Whittier_syp-n-mobo-m,1381,0.4243,1555.9,676.7,2185.9,1079.7,3072,2048
20170708_Whittier_syp-n-mobo-m,1381,0.3449,1533.1,902.9,1899.0,1084.6,3072,2048
20170708_Whittier_syp-n-mobo-m,1441,0.7829,1520.8,852.1,2008.5,1094.8,3072,2048
20170708_Whittier_syp-n-mobo-m,1501,0.4829,1525.4,826.1,2022.6,1108.3,3072,2048
20170708_Whittier_syp-n-mobo-m,1501,0.3892,1536.6,700.4,2059.2,1108.7,3072,2048
20170708_Whittier_syp-n-mobo-m,1561,0.3015,1532.9,670.7,2160.4,1116.9,3072,2048
20170708_Whittier_syp-n-mobo-m,1561,0.1459,1568.3,675.3,2364.5,1079.0,3072,2048
20170708_Whittier_syp-n-mobo-m,1561,0.1249,1521.0,865.2,1987.8,1104.8,3072,2048
20170708_Whittier_syp-n-mobo-m,1621,0.7540,1523.4,819.2,1997.6,1105.7,3072,2048
20170708_Whittier_syp-n-mobo-m,1681,0.3569,1532.5,863.0,1941.3,1128.4,3072,2048
20170708_Whittier_syp-n-mobo-m,1741,0.4864,1518.6,837.6,2005.7,1102.2,3072,2048
20170708_Whittier_syp-n-mobo-m,1741,0.1496,1514.0,673.3,2455.1,1122.1,3072,2048
20170708_Whittier_syp-n-mobo-m,1801,0.4589,1529.0,684.6,2127.4,1088.1,3072,2048
20170708_Whittier_syp-n-mobo-m,1861,0.7527,1533.6,708.3,2026.4,1084.6,3072,2048
20170708_Whittier_syp-n-mobo-m,1921,0.6107,1552.9,605.1,2141.0,1083.7,3072,2048
20170708_Whittier_syp-n-mobo-m,1981,0.3579,1551.3,458.3,2253.2,1116.8,3072,2048
20170708_Whittier_syp-n-mobo-m,1981,0.2183,1533.1,346.0,2269.4,1243.8,3072,2048
20170708_Whittier_syp-n-mobo-m,2041,0.2726,1559.7,351.9,2259.6,1206.6,3072,2048
20170708_Whittier_syp-n-mobo-m,2041,0.1982,1525.0,887.4,1934.0,1095.4,3072,2048
20170708_Whittier_syp-n-mobo-m,2101,0.3283,1532.2,816.4,2036.2,1094.8,3072,2048
20170708_Whittier_syp-n-mobo-m,2101,0.1198,1562.3,356.3,2332.3,1206.1,3072,2048
20170708_Whittier_syp-n-mobo-m,2161,0.2067,1545.1,735.1,2155.3,1103.7,3072,2048
20170708_Whittier_syp-n-mobo-m,2161,0.1381,1553.2,343.8,2341.9,1233.4,3072,2048
20170708_Whittier_syp-n-mobo-m,2161,0.1290,1548.9,516.6,2180.8,1109.7,3072,2048
20170708_Whittier_syp-n-mobo-m,2221,0.1690,1528.2,228.7,2353.6,1193.4,3072,2048
20170711_FIRE_bl-e-mobo-c,780,0.4173,1831.8,692.2,1875.7,756.6,2048,1536
20170711_FIRE_bl-e-mobo-c,900,0.2063,1832.0,679.5,1875.7,756.6,2048,1536
20170711_FIRE_bl-e-mobo-c,960,0.1880,1820.1,684.6,1876.9,757.4,2048,1536
20170711_FIRE_bl-e-mobo-c,1020,0.4450,1819.6,680.9,1878.0,756.9,2048,1536
20170711_FIRE_bl-e-mobo-c,1080,0.2508,1818.0,677.7,1882.3,755.4,2048,1536
20170711_FIRE_bl-e-mobo-c,1140,0.2782,1815.3,675.6,1886.3,755.5,2048,1536
20170711_FIRE_bl-e-mobo-c,1200,0.1203,1810.8,686.7,1882.7,755.9,2048,1536
20170711_FIRE_bl-e-mobo-c,1260,0.4830,1810.0,677.8,1883.7,756.5,2048,1536
20170711_FIRE_bl-e-mobo-c,1320,0.3125,1806.0,676.9,1885.9,755.3,2048,1536
20170711_FIRE_bl-e-mobo-c,1380,0.3950,1804.9,680.9,1886.4,755.2,2048,1536
20170711_FIRE_bl-e-mobo-c,1440,0.4380,1805.7,682.4,1889.3,755.8,2048,1536
20170711_FIRE_bl-e-mobo-c,1500,0.1202,1806.2,680.3,1880.5,755.7,2048,1536
20170711_FIRE_bl-e-mobo-c,1560,0.1630,1803.9,687.3,1884.8,757.3,2048,1536
20170711_FIRE_bl-e-mobo-c,1620,0.1720,1802.4,692.5,1880.3,757.5,2048,1536
20170711_FIRE_bl-e-mobo-c,1680,0.3252,1798.6,689.6,1879.7,758.0,2048,1536
20170711_FIRE_bl-e-mobo-c,1740,0.1115,1797.8,691.0,1880.6,759.1,2048,1536
20170711_FIRE_bl-e-mobo-c,1800,0.1962,1795.8,696.8,1881.3,759.7,2048,1536
20170711_FIRE_bl-e-mobo-c,1860,0.2231,1798.5,689.6,1883.1,757.8,2048,1536
20170711_FIRE_bl-e-mobo-c,2100,0.1453,1830.6,687.6,1903.3,756.2,2048,1536
20170711_FIRE_bl-s-mobo-c,720,0.3002,101.1,602.8,142.5,671.5,2048,1536
20170711_FIRE_bl-s-mobo-c,780,0.1847,104.7,595.3,142.6,671.4,2048,1536
20170711_FIRE_bl-s-mobo-c,840,0.1236,102.4,595.0,141.6,671.7,2048,1536
20170711_FIRE_bl-s-mobo-c,960,0.4928,87.6,594.7,144.9,671.2,2048,1536
20170711_FIRE_bl-s-mobo-c,1080,0.1909,80.7,590.2,149.1,671.9,2048,1536
20170711_FIRE_bl-s-mobo-c,1200,0.4008,77.4,588.1,148.2,671.8,2048,1536
20170711_FIRE_bl-s-mobo-c,1260,0.1356,77.5,597.8,146.9,672.2,2048,1536
20170711_FIRE_bl-s-mobo-c,1380,0.2349,73.6,589.4,164.2,671.1,2048,1536
20170711_FIRE_bl-s-mobo-c,1920,0.1042,88.2,606.6,160.7,672.2,2048,1536
20170711_FIRE_bl-s-mobo-c,2220,0.1800,102.3,631.0,144.7,671.3,2048,1536
20170711_FIRE_bm-s-mobo-c,-2040,0.1096,1419.7,1099.6,1786.8,1536.0,2048,1536
20170711_FIRE_bm-s-mobo-c,-1500,0.1129,1420.3,1109.8,1780.5,1533.2,2048,1536
20170711_FIRE_sm-n-mobo-c,360,0.2669,1327.8,771.1,1427.5,833.1,2048,1536
20170711_FIRE_sm-n-mobo-c,420,0.4384,1318.2,760.1,1403.5,832.6,2048,1536
20170711_FIRE_sm-n-mobo-c,480,0.4956,1333.4,741.1,1419.1,827.9,2048,1536
20170711_FIRE_sm-n-mobo-c,540,0.4906,1336.1,735.5,1418.1,828.8,2048,1536
20170711_FIRE_sm-n-mobo-c,600,0.5862,1336.4,736.8,1434.5,830.2,2048,1536
20170711_FIRE_sm-n-mobo-c,660,0.3946,1329.6,739.1,1451.3,831.5,2048,1536
20170711_FIRE_sm-n-mobo-c,720,0.2667,1346.8,727.0,1470.4,830.7,2048,1536
20170711_FIRE_sm-n-mobo-c,780,0.6243,1337.4,716.9,1485.9,832.3,2048,1536
20170711_FIRE_sm-n-mobo-c,840,0.2682,1341.3,712.7,1502.9,830.5,2048,1536
20170711_FIRE_sm-n-mobo-c,900,0.3772,1326.9,707.1,1515.5,835.3,2048,1536
20170711_FIRE_sm-n-mobo-c,960,0.1861,1332.6,704.0,1536.3,835.6,2048,1536
20170711_FIRE_sm-n-mobo-c,1020,0.1725,1339.1,710.6,1547.4,833.1,2048,1536
20170711_FIRE_sm-n-mobo-c,1140,0.1492,1338.7,719.4,1570.0,833.6,2048,1536
20170711_FIRE_sm-n-mobo-c,1260,0.3931,1338.0,722.0,1593.7,835.1,2048,1536
20170711_FIRE_sm-n-mobo-c,1320,0.3932,1344.9,723.8,1600.9,833.5,2048,1536
20170711_FIRE_sm-n-mobo-c,1620,0.1245,1336.2,724.5,1590.0,837.3,2048,1536
20170711_FIRE_sm-n-mobo-c,1920,0.3127,1341.7,727.1,1466.5,833.0,2048,1536
20170711_FIRE_sm-n-mobo-c,1920,0.1039,1351.4,715.6,1796.7,842.1,2048,1536
20170711_FIRE_sm-n-mobo-c,1980,0.4337,1354.2,716.1,1468.9,832.9,2048,1536
20170711_FIRE_sm-n-mobo-c,1980,0.1189,1353.7,715.2,1519.4,833.8,2048,1536
20170711_FIRE_sm-n-mobo-c,1980,0.1055,1359.3,710.6,1807.9,834.8,2048,1536
20170711_FIRE_sm-n-mobo-c,2160,0.1575,1364.9,714.7,1492.2,830.0,2048,1536
20170711_FIRE_sm-n-mobo-c,2160,0.1543,1348.1,706.5,1852.8,832.9,2048,1536
20170711_FIRE_sm-n-mobo-c,2220,0.1887,1362.1,715.0,1510.4,831.7,2048,1536
20170711_FIRE_sm-n-mobo-c,2220,0.1425,1350.5,703.6,1859.7,836.2,2048,1536
20170711_FIRE_sm-n-mobo-c,2400,0.1540,1354.3,701.3,1490.1,832.0,2048,1536
20170722_FIRE_bm-n-mobo-c,1740,0.1934,1734.7,497.6,1857.7,631.7,2048,1536
